{
  "recreateDB": false,
  "db": {
    "name": "service_master"
  },
  "topicSeries": {
    "hostname": "https://id-service-wwktbmr5ya-an.a.run.app/id-series",
    "appointmentCode": "SAAPT",
    "repairOrderCode": "SAOR",
    "repairOrderInvoiceCode": "SAORNV",
    "appointmentCodeV2": "SAAPT2",
    "paymentCode": "PAY"
  },
  "generalCache": {
    "hostname": "general-service-wwktbmr5ya-an.a.run.app",
    "getGeneralDataPath": "/cache/getGeneralData/",
    "getGeneralDataByIdsPath": "/cache/getGeneralDataByIds/",
    "getGeneralDataByQueryPath": "/cache/getGeneralDataByQuery/"
  },
  "customerCache": {
    "hostname": "customer-service-wwktbmr5ya-an.a.run.app",
    "cachePath": "/cache/getCustomerData/",
    "cacheByIdPath": "/cache/getCustomerDataByIds/",
    "cacheByQueryPath": "/cache/getCustomerDataByQuery/",
    "getBranches": "/branch/search",
    "getCompanyByBranch": "/companyBranch/search"
  },
  "specCache": {
    "hostname": "spec-service-wwktbmr5ya-an.a.run.app",
    "cachePath": "/cache/getCache/",
    "cacheByIdPath": "/cache/getCacheByIds/",
    "cacheByQueryPath": "/cache/getCacheByQuery/",
    "cacheUpdatePath": "/cache/update/"
  },
  "authCache": {
    "hostname": "auth-service-wwktbmr5ya-an.a.run.app",
    "cachePath": "/cache/getCache/",
    "cacheByIdPath": "/cache/getCacheByIds/",
    "cacheByQueryPath": "/cache/getCacheByQuery/"
  },

  "pricingService": {
    "hostname": "pricing-service-wwktbmr5ya-an.a.run.app",
    "getPricingValue": "/pricingEngine/getPricingValue/"
  },

  "publisher": {
    "topic": "projects/p2-etcm-tceas-dev2/topics/driveit"
  },
  "smsService": {
    "hostname": "notification-service-wwktbmr5ya-an.a.run.app",
    "sendSMS": "/sms/send"
  },
  "emailService": {
    "hostname": "email-service-wwktbmr5ya-an.a.run.app",
    "sendEmail": "/email/sendV2"
  },
  "navisionKafka": {
    "ip": "211.25.100.190",
    "port": "9092",
    "topic": { 
      "navisionPOHistory": "WMSLPO-Dev",
      "navisionCOSInvoiceHistory": "WMSCOS-Dev",
      "navisionROParts": "WI-Dev"
    }
  },
  "pmm": {
    "hostname": "202.188.134.78",
    "port": "8010",
    "insertPartRequest": "/api/EASROParts/InsertPMMEASROParts",
    "insertPartReturn": "/api/EASPartReturn/WMS_InsertEASPartReturn"
  }
}
