{
  "recreateDB": false,
  "db": {
    "name": "service_master"
  },
  "topicSeries": {
    "hostname": "https://id-service-l6a7p5cs6q-as.a.run.app/id-series",
    "appointmentCode": "SAAPT",
    "repairOrderCode": "SAOR",
    "repairOrderInvoiceCode": "SAORNV",
    "appointmentCodeV2": "SAAPT2",
    "paymentCode": "PAY"
  },
  "generalCache": {
    "hostname": "general-service-l6a7p5cs6q-as.a.run.app",
    "getGeneralDataPath": "/cache/getGeneralData/",
    "getGeneralDataByIdsPath": "/cache/getGeneralDataByIds/",
    "getGeneralDataByQueryPath": "/cache/getGeneralDataByQuery/"
  },
  "customerCache": {
    "hostname": "customer-service-l6a7p5cs6q-as.a.run.app",
    "cachePath": "/cache/getCustomerData/",
    "cacheByIdPath": "/cache/getCustomerDataByIds/",
    "cacheByQueryPath": "/cache/getCustomerDataByQuery/",
    "getBranches": "/branch/search",
    "getCompanyByBranch": "/companyBranch/search"
  },
  "specCache": {
    "hostname": "spec-service-l6a7p5cs6q-as.a.run.app",
    "cachePath": "/cache/getCache/",
    "cacheByIdPath": "/cache/getCacheByIds/",
    "cacheByQueryPath": "/cache/getCacheByQuery/",
    "cacheUpdatePath": "/cache/update/"
  },
  "authCache": {
    "hostname": "auth-service-l6a7p5cs6q-as.a.run.app",
    "cachePath": "/cache/getCache/",
    "cacheByIdPath": "/cache/getCacheByIds/",
    "cacheByQueryPath": "/cache/getCacheByQuery/"
  },

  "pricingService": {
    "hostname": "pricing-service-l6a7p5cs6q-as.a.run.app",
    "getPricingValue": "/pricingEngine/getPricingValue/"
  },

  "publisher": {
    "topic": "projects/tc3s-dev/topics/driveit"
  },
  "smsService": {
    "hostname": "notification-service-l6a7p5cs6q-as.a.run.app",
    "sendSMS": "/sms/send"
  },
  "emailService": {
    "hostname": "email-service-l6a7p5cs6q-as.a.run.app",
    "sendEmail": "/email/sendV2"
  },
  "navisionKafka": {
    "ip": "211.25.100.190",
    "port": "9092",
    "topic": { 
      "navisionPOHistory": "WMSLPO-Preprod",
      "navisionCOSInvoiceHistory": "WMSCOS-Preprod",
      "navisionROParts": "WI-Preprod",
      "navisionWipMovementHistory": "WMSWIP-Preprod"
    }
  },
  "pmm": {
    "hostname": "202.188.134.78",
    "port": "8010",
    "insertPartRequest": "/api/EASROParts/InsertPMMEASROParts",
    "insertPartReturn": "/api/EASPartReturn/WMS_InsertEASPartReturn",
    "insertWspStockUpdateLog": "/api/WspStockUpdateLog/InsertWspStockUpdateLog",
    "updateWspStockFromLog": "/api/WorkshopStock/UpdateWspStockFromLog"
  },
  "driveOn": {
    "hostname": "us-central1-tcdriveon.cloudfunctions.net",
    "addBookingSlot": "/addBookingSlot/",
    "sendServiceCompletedNotification": "/sendServiceCompletedNotification/",
    "sendCompletedServiceFCM": "/sendCompletedServiceFCM/"
  },

  "easMobile": {
    "hostname": "easmobile.tanchonggroup.com",
    "getMobileNotifications": "/api/bookings/getMobileNotifications/"
  }
}
