{
    "recreateDB": true,
    "db": {
      "name": "service_master"
    },
    "topicSeries": {
      "hostname" : "https://id-service-xk5a44tv7q-an.a.run.app/id-series",
      "appointmentCode": "SAAPT",
      "repairOrderCode": "SAOR",
      "repairOrderInvoiceCode": "SAORNV",
      "appointmentCodeV2": "SAAPT2",
      "paymentCode": "PAY"
      // testing
    },
    "generalCache": {
      "hostname": "general-service-xk5a44tv7q-an.a.run.app",
      "getGeneralDataPath": "/cache/getGeneralData/",
      "getGeneralDataByIdsPath": "/cache/getGeneralDataByIds/",
      "getGeneralDataByQueryPath" : "/cache/getGeneralDataByQuery/"
    },
    "customerCache": {
      "hostname": "customer-service-xk5a44tv7q-an.a.run.app",
      "cachePath": "/cache/getCustomerData/",
      "cacheByIdPath": "/cache/getCustomerDataByIds/",
      "cacheByQueryPath" : "/cache/getCustomerDataByQuery/",

      "getBranches": "/branch/search",
      "getCompanyByBranch": "/companyBranch/search"
    },
    "specCache": {
      "hostname": "spec-service-xk5a44tv7q-an.a.run.app",
      "cachePath": "/cache/getCache/",
      "cacheByIdPath": "/cache/getCacheByIds/",
      "cacheByQueryPath" : "/cache/getCacheByQuery/",
      "cacheUpdatePath" : "/cache/update/"
    },
    "authCache": {
      "hostname": "auth-service-xk5a44tv7q-an.a.run.app",
      "cachePath": "/cache/getCache/",
      "cacheByIdPath": "/cache/getCacheByIds/",
      "cacheByQueryPath" : "/cache/getCacheByQuery/"
    },

    "pricingService": {
      "hostname": "pricing-service-xk5a44tv7q-an.a.run.app",
      "getPricingValue": "/pricingEngine/getPricingValue/"
    },

    "publisher": {
        "topic":   "projects/p2-etcm/topics/driveit"
    },
    "smsService": {
      "hostname": "notification-service-xk5a44tv7q-an.a.run.app",
      "sendSMS": "/sms/send"
    },
    "navisionKafka": {
      "ip": "202.188.134.61",
      "port": "9092",
      "topic": {
        "navisionPOHistory": "WMSLPO-SIT",
        "navisionCOSInvoiceHistory": "WMSCOS-SIT",
        "navisionROParts": "WI-SIT"
      }
    },
    "pmm": {
      "hostname": "https://pmm-uat.tanchonggroup.com",
      "insertPartRequest": "/api/EASROParts/InsertPMMEASROParts",
      "insertPartReturn": "/api/EASPartReturn/WMS_InsertEASPartReturn",
      "insertWspStockUpdateLog": "/api/WspStockUpdateLog/InsertWspStockUpdateLog",
      "updateWspStockFromLog": "/api/WorkshopStock/UpdateWspStockFromLog"
    },
    "driveOn": {
      "hostname": "us-central1-tcdriveon.cloudfunctions.net",
      "addBookingSlot": "/addBookingSlot/",
      "sendServiceCompletedNotification": "/sendServiceCompletedNotification/",
      "sendCompletedServiceFCM": "/sendCompletedServiceFCM/"
    },

    "easMobile": {
      "hostname": "easmobile.tanchonggroup.com",
      "getMobileNotifications": "/api/bookings/getMobileNotifications/"
    }
  }