{
  "recreateDB": true,
  "db": {
    "name": "service_master"
  },
  "topicSeries": {
    "hostname" : "https://id-service-ik6363m4qa-an.a.run.app/id-series",
    "appointmentCode": "SAAPT",
    "repairOrderCode": "SAOR",
    "repairOrderInvoiceCode": "SAORNV",
    "appointmentCodeV2": "SAAPT2",
    "paymentCode": "PAY"
  },
  "generalCache": {
    "hostname": "general-service-ik6363m4qa-an.a.run.app",
    "getGeneralDataPath": "/cache/getGeneralData/",
    "getGeneralDataByIdsPath": "/cache/getGeneralDataByIds/",
    "getGeneralDataByQueryPath" : "/cache/getGeneralDataByQuery/",
    "navTCECROINVPath": "/invoiceItem/add-navision-service-invoice-history",
    "navTCECCNDNPath": "/invoiceHeader/add-navision-invoice-cancel-history"
  },
  "customerCache": {
    "hostname": "customer-service-ik6363m4qa-an.a.run.app",
    "cachePath": "/cache/getCustomerData/",
    "cacheByIdPath": "/cache/getCustomerDataByIds/",
    "cacheByQueryPath" : "/cache/getCustomerDataByQuery/",

    "getBranches": "/branch/search",
    "getCompanyByBranch": "/companyBranch/search"
  },
  "specCache": {
    "hostname": "spec-service-ik6363m4qa-an.a.run.app",
    "cachePath": "/cache/getCache/",
    "cacheByIdPath": "/cache/getCacheByIds/",
    "cacheByQueryPath" : "/cache/getCacheByQuery/",
    "cacheUpdatePath" : "/cache/update/"
  },
  "authCache": {
    "hostname": "auth-service-ik6363m4qa-an.a.run.app",
    "cachePath": "/cache/getCache/",
    "cacheByIdPath": "/cache/getCacheByIds/",
    "cacheByQueryPath" : "/cache/getCacheByQuery/"
  },

  "pricingService": {
    "hostname": "pricing-service-ik6363m4qa-an.a.run.app",
    "getPricingValue": "/pricingEngine/getPricingValue/"
  },

  "publisher": {
      "topic":   "projects/driveit-stage1/topics/migration-driveit-vehicle"
  },
  "smsService": {
    "hostname": "notification-service-ik6363m4qa-an.a.run.app",
    "sendSMS": "/sms/send"
  },
	"navisionKafka": {
		"ip": "202.188.134.61",
		"port": "9092",
    "topic": {
      "navisionPOHistory": "WMSLPO-Staging",
      "navisionCOSInvoiceHistory": "WMSCOS-Staging",
      "navisionROParts": "WI-Staging",
      "navisionTceasPaymentCashVoucherDriveIT": "TCEAS-PMT",
      "navisionTceasBillingCancellationDriveIT": "TCEAS-ROCN",
      "navisionTceasServiceInvoiceDriveIT": "TCEAS-ROINV",
      "navisionTceasWIPDriveIT": "TCEAS-WIP",
      "navisionTceasCOSDriveIT": "TCEAS-COS"
    }
  },
  "driveOn": {
    "hostname": "us-central1-tcdriveon.cloudfunctions.net",
    "addBookingSlot": "/addBookingSlot/",
    "sendServiceCompletedNotification": "/sendServiceCompletedNotification/",
    "sendCompletedServiceFCM": "/sendCompletedServiceFCM/"
  },
  "pmm": {
    "hostname": "https://pmm-uat.tanchonggroup.com",
    "insertPartRequest": "/api/EASROParts/InsertPMMEASROParts",
    "insertPartReturn": "/api/EASPartReturn/WMS_InsertEASPartReturn",
    "insertWspStockUpdateLog": "/api/WspStockUpdateLog/InsertWspStockUpdateLog",
    "updateWspStockFromLog": "/api/WorkshopStock/UpdateWspStockFromLog"
  },
  "easMobile": {
    "hostname": "easmobile.tanchonggroup.com",
    "getMobileNotifications": "/api/bookings/getMobileNotifications/"
  }
}
