{
    "recreateDB": true,
    "db": {
      "name": "service_master"
    },
    "topicSeries": {
      "hostname" : "https://id-service-nn5hxggafq-an.a.run.app/id-series",
      "appointmentCode": "SAAPT",
      "repairOrderCode": "SAOR",
      "repairOrderInvoiceCode": "SAORNV",
      "appointmentCodeV2": "SAAPT2",
      "paymentCode": "PAY"
    },
    "generalCache": {
      "hostname": "general-service-nn5hxggafq-an.a.run.app",
      "getGeneralDataPath": "/cache/getGeneralData/",
      "getGeneralDataByIdsPath": "/cache/getGeneralDataByIds/",
      "getGeneralDataByQueryPath" : "/cache/getGeneralDataByQuery/"
    },
    "customerCache": {
      "hostname": "customer-service-nn5hxggafq-an.a.run.app",
      "cachePath": "/cache/getCustomerData/",
      "cacheByIdPath": "/cache/getCustomerDataByIds/",
      "cacheByQueryPath" : "/cache/getCustomerDataByQuery/",

      "getBranches": "/branch/search",
      "getCompanyByBranch": "/companyBranch/search"
    },
    "specCache": {
      "hostname": "spec-service-nn5hxggafq-an.a.run.app",
      "cachePath": "/cache/getCache/",
      "cacheByIdPath": "/cache/getCacheByIds/",
      "cacheByQueryPath" : "/cache/getCacheByQuery/",
      "cacheUpdatePath" : "/cache/update/"
    },
    "authCache": {
      "hostname": "auth-service-nn5hxggafq-an.a.run.app",
      "cachePath": "/cache/getCache/",
      "cacheByIdPath": "/cache/getCacheByIds/",
      "cacheByQueryPath" : "/cache/getCacheByQuery/"
    },

    "pricingService": {
      "hostname": "pricing-service-nn5hxggafq-an.a.run.app",
      "getPricingValue": "/pricingEngine/getPricingValue/"
    },

    "publisher": {
        "topic":   "projects/tc3s-dev/topics/driveit"
    },
    "navisionKafka": {
      "ip": "202.188.134.61",
      "port": "9092",
      "topic": {
        "navisionPOHistory": "WMSLPO-Staging",
        "navisionCOSInvoiceHistory": "WMSCOS-Staging",
        "navisionROParts": "WI-Staging",
        "navisionTceasPaymentCashVoucherDriveIT": "TCEAS-PMT",
        "navisionTceasBillingCancellationDriveIT": "TCEAS-ROCN",
        "navisionTceasServiceInvoiceDriveIT": "TCEAS-ROINV",
        "navisionTceasWIPDriveIT": "TCEAS-WIP",
        "navisionTceasLPODriveIT": "TCEAS-LPO",
        "navisionTceasCOSDriveIT": "TCEAS-COS"
      }
    },
    "driveOn": {
      "hostname": "us-central1-tcdriveon.cloudfunctions.net",
      "addBookingSlot": "/addBookingSlot/",
      "sendServiceCompletedNotification": "/sendServiceCompletedNotification/",
      "sendCompletedServiceFCM": "/sendCompletedServiceFCM/"
    },
    "pmm": {
      "hostname": "https://pmm-uat.tanchonggroup.com",
      "insertPartRequest": "/api/EASROParts/InsertPMMEASROParts",
      "insertPartReturn": "/api/EASPartReturn/WMS_InsertEASPartReturn",
      "insertWspStockUpdateLog": "/api/WspStockUpdateLog/InsertWspStockUpdateLog",
      "updateWspStockFromLog": "/api/WorkshopStock/UpdateWspStockFromLog"
    },
    "easMobile": {
      "hostname": "easmobile.tanchonggroup.com",
      "getMobileNotifications": "/api/bookings/getMobileNotifications/"
    }
  }